<?xml version="1.0" encoding="UTF-8"?>
<metadata xml:lang="fr"><Esri><CreaDate>20170407</CreaDate><CreaTime>11365700</CreaTime><ArcGISFormat>1.0</ArcGISFormat><SyncOnce>TRUE</SyncOnce><DataProperties><lineage><Process ToolSource="c:\program files (x86)\arcgis\desktop10.2\ArcToolbox\Toolboxes\Data Management Tools.tbx\CalculateField" Date="20161011" Time="163050">CalculateField Hydro2015_3116 BASIN "Abant.lake" VB #</Process><Process ToolSource="c:\program files (x86)\arcgis\desktop10.2\ArcToolbox\Toolboxes\Data Management Tools.tbx\CalculateField" Date="20161011" Time="163422">CalculateField Hydro2015_3116 Sup_km 2.004 VB #</Process><Process ToolSource="c:\program files (x86)\arcgis\desktop10.2\ArcToolbox\Toolboxes\Data Management Tools.tbx\CalculateField" Date="20170321" Time="111215">CalculateField Hydro2017_3117 tes !shape.area@SQUAREKILOMETERS! PYTHON_9.3 #</Process><Process ToolSource="c:\program files (x86)\arcgis\desktop10.2\ArcToolbox\Toolboxes\Data Management Tools.tbx\CalculateField" Date="20170321" Time="111710">CalculateField Hydro2017_3117 Sup_km [tes] VB #</Process><Process ToolSource="c:\program files (x86)\arcgis\desktop10.2\ArcToolbox\Toolboxes\Data Management Tools.tbx\CalculateField" Date="20170323" Time="133157">CalculateField Hydro2017_3117 Name [BASIN] VB #</Process><Process ToolSource="e:\program files (x86)\arcgis\desktop10.3\ArcToolbox\Toolboxes\Data Management Tools.tbx\CalculateField" Date="20170404" Time="161332">CalculateField 2_Hydro2017_3119 area !shape.area@SQUAREKILOMETERS! PYTHON_9.3 #</Process><Process ToolSource="e:\program files (x86)\arcgis\desktop10.3\ArcToolbox\Toolboxes\Data Management Tools.tbx\CalculateField" Date="20170404" Time="161357">CalculateField 2_Hydro2017_3119 Sup_km !area! PYTHON_9.3 #</Process><Process ToolSource="e:\program files (x86)\arcgis\desktop10.3\ArcToolbox\Toolboxes\Data Management Tools.tbx\CalculateField" Date="20170406" Time="152252">CalculateField 2_Hydro2017_3119 temp "neotrop" VB #</Process><Process ToolSource="e:\program files (x86)\arcgis\desktop10.3\ArcToolbox\Toolboxes\Data Management Tools.tbx\CalculateField" Date="20170406" Time="152345">CalculateField 2_Hydro2017_3119 temp "neotrop" VB #</Process><Process ToolSource="e:\program files (x86)\arcgis\desktop10.3\ArcToolbox\Toolboxes\Data Management Tools.tbx\CalculateField" Date="20170406" Time="152427">CalculateField 2_Hydro2017_3119 temp "nearctique" VB #</Process><Process ToolSource="e:\program files (x86)\arcgis\desktop10.3\ArcToolbox\Toolboxes\Data Management Tools.tbx\CalculateField" Date="20170406" Time="152506">CalculateField 2_Hydro2017_3119 temp "nearctique" VB #</Process><Process ToolSource="e:\program files (x86)\arcgis\desktop10.3\ArcToolbox\Toolboxes\Data Management Tools.tbx\CalculateField" Date="20170406" Time="152644">CalculateField 2_Hydro2017_3119 temp "palearctiqu" VB #</Process><Process ToolSource="e:\program files (x86)\arcgis\desktop10.3\ArcToolbox\Toolboxes\Data Management Tools.tbx\CalculateField" Date="20170407" Time="105540">CalculateField 2_Hydro2017_3119 Sup_km !shape.area@SQUAREKILOMETERS! PYTHON_9.3 #</Process><Process ToolSource="e:\program files (x86)\arcgis\desktop10.3\ArcToolbox\Toolboxes\Data Management Tools.tbx\CalculateField" Date="20170407" Time="105738">CalculateField 2_Hydro2017_3119 Sup_km !shape.area@SQUAREKILOMETERS! PYTHON_9.3 #</Process><Process ToolSource="e:\program files (x86)\arcgis\desktop10.3\ArcToolbox\Toolboxes\Data Management Tools.tbx\CalculateField" Date="20170407" Time="105850">CalculateField 2_Hydro2017_3119 Sup_km !shape.area@SQUAREKILOMETERS! PYTHON_9.3 #</Process><Process ToolSource="e:\program files (x86)\arcgis\desktop10.3\ArcToolbox\Toolboxes\Data Management Tools.tbx\CalculateField" Date="20170410" Time="161516">CalculateField Basin042017_3119 Ecozone Afrotropic VB #</Process><Process ToolSource="e:\program files (x86)\arcgis\desktop10.3\ArcToolbox\Toolboxes\Data Management Tools.tbx\CalculateField" Date="20170410" Time="161604">CalculateField Basin042017_3119 BasinName [Name] VB #</Process><Process ToolSource="e:\program files (x86)\arcgis\desktop10.3\ArcToolbox\Toolboxes\Data Management Tools.tbx\CalculateField" Date="20170410" Time="161700">CalculateField Basin042017_3119 te [Country] VB #</Process><Process ToolSource="e:\program files (x86)\arcgis\desktop10.3\ArcToolbox\Toolboxes\Data Management Tools.tbx\CalculateField" Date="20170410" Time="161724">CalculateField Basin042017_3119 Country [te] VB #</Process><Process ToolSource="e:\program files (x86)\arcgis\desktop10.3\ArcToolbox\Toolboxes\Data Management Tools.tbx\CalculateField" Date="20170410" Time="161749">CalculateField Basin042017_3119 Ecoregion [Ecozone] VB #</Process><Process ToolSource="e:\program files (x86)\arcgis\desktop10.3\ArcToolbox\Toolboxes\Data Management Tools.tbx\CalculateField" Date="20170410" Time="161813">CalculateField Basin042017_3119 Ecoregion "Afrotropic" VB #</Process><Process ToolSource="e:\program files (x86)\arcgis\desktop10.3\ArcToolbox\Toolboxes\Data Management Tools.tbx\CalculateField" Date="20170410" Time="161837">CalculateField Basin042017_3119 Ecoregion "Australasia" VB #</Process><Process ToolSource="e:\program files (x86)\arcgis\desktop10.3\ArcToolbox\Toolboxes\Data Management Tools.tbx\CalculateField" Date="20170410" Time="161900">CalculateField Basin042017_3119 Ecoregion "Indo-Malay" VB #</Process><Process ToolSource="e:\program files (x86)\arcgis\desktop10.3\ArcToolbox\Toolboxes\Data Management Tools.tbx\CalculateField" Date="20170410" Time="161923">CalculateField Basin042017_3119 Ecoregion "Nearctic" VB #</Process><Process ToolSource="e:\program files (x86)\arcgis\desktop10.3\ArcToolbox\Toolboxes\Data Management Tools.tbx\CalculateField" Date="20170410" Time="161946">CalculateField Basin042017_3119 Ecoregion "Neotropic" VB #</Process><Process ToolSource="e:\program files (x86)\arcgis\desktop10.3\ArcToolbox\Toolboxes\Data Management Tools.tbx\CalculateField" Date="20170410" Time="162007">CalculateField Basin042017_3119 Ecoregion "Oceania" VB #</Process><Process ToolSource="e:\program files (x86)\arcgis\desktop10.3\ArcToolbox\Toolboxes\Data Management Tools.tbx\CalculateField" Date="20170410" Time="162028">CalculateField Basin042017_3119 Ecoregion "Palearctic" VB #</Process><Process ToolSource="e:\program files (x86)\arcgis\desktop10.3\ArcToolbox\Toolboxes\Data Management Tools.tbx\CalculateField" Date="20170410" Time="162204">CalculateField Basin042017_3119 Endorheic "Endorheic" VB #</Process><Process ToolSource="e:\program files (x86)\arcgis\desktop10.3\ArcToolbox\Toolboxes\Data Management Tools.tbx\CalculateField" Date="20170410" Time="162316">CalculateField Basin042017_3119 Outlet_Lat [Exu_X] VB #</Process><Process ToolSource="e:\program files (x86)\arcgis\desktop10.3\ArcToolbox\Toolboxes\Data Management Tools.tbx\CalculateField" Date="20170410" Time="162324">CalculateField Basin042017_3119 Outlet_Lat [Exu_Y] VB #</Process><Process ToolSource="e:\program files (x86)\arcgis\desktop10.3\ArcToolbox\Toolboxes\Data Management Tools.tbx\CalculateField" Date="20170410" Time="162330">CalculateField Basin042017_3119 Outlet_Lon [Exu_X] VB #</Process><Process ToolSource="e:\program files (x86)\arcgis\desktop10.3\ArcToolbox\Toolboxes\Data Management Tools.tbx\CalculateField" Date="20170410" Time="162511">CalculateField Basin042017_3119 Out_Longit [Exu_X] VB #</Process><Process ToolSource="e:\program files (x86)\arcgis\desktop10.3\ArcToolbox\Toolboxes\Data Management Tools.tbx\CalculateField" Date="20170410" Time="162516">CalculateField Basin042017_3119 Out_Latit [Exu_Y] VB #</Process><Process ToolSource="e:\program files (x86)\arcgis\desktop10.3\ArcToolbox\Toolboxes\Data Management Tools.tbx\CalculateField" Date="20170410" Time="162558">CalculateField Basin042017_3119 Med_Longit [INSIDE_X] VB #</Process><Process ToolSource="e:\program files (x86)\arcgis\desktop10.3\ArcToolbox\Toolboxes\Data Management Tools.tbx\CalculateField" Date="20170410" Time="162602">CalculateField Basin042017_3119 Med_Latit [INSIDE_Y] VB #</Process><Process ToolSource="e:\program files (x86)\arcgis\desktop10.3\ArcToolbox\Toolboxes\Data Management Tools.tbx\CalculateField" Date="20170410" Time="162655">CalculateField Basin042017_3119 Surf_area 
!shape.area@SQUAREKILOMETERS! PYTHON_9.3 #</Process></lineage><itemProps><itemLocation><linkage Sync="TRUE">file://\\CJEZEQUEL-EDB\G$\basemonde2017_shapefile\Hydro2017_3117Copier</linkage><protocol Sync="TRUE">Local Area Network</protocol></itemLocation></itemProps><copyHistory><copy source="G:\basemonde2017_shapefile\Hydro2017_3117" dest="\\CJEZEQUEL-EDB\G$\basemonde2017_shapefile\Hydro2017_3117Copier" date="20170404" time="16053000"></copy></copyHistory></DataProperties></Esri></metadata>
